,username,description,location,following,followers,totaltweets,retweetcount,text,hashtags
0,FalconStocks,"The Only Family-Run, UNBIASED, Penny & Small-Cap Stock Picks Newsletter With REAL Wall Street Experience. The Top Penny Stock Picks Record. The Best Reputation.",Since 2004  - 102.4% Avg Gains,6,4455,3504,0,".
Check Out One Of Our Recent Small-Cap / Penny Stock Pick Reports:

Link: https://t.co/eE4HAL4Xvc

$ATER $VERU $ATRS $AMD $GPS $NVDA $AAPL $T $F $AMC $BCTX $CCL $LCID https://t.co/iKuJGKTvUC",[]
1,Jna202001,Entrepreneur. Minority Small Business Owner.,USA,79,18,1604,8,"Market Recap:
https://t.co/ERN7cMtTzu
Elon Musk hijacks Twitter and disrupts the oligarchy, here are the winners and the losers + How long will the rebound last? + Earnings Reviews $KO $ATVI $WHR + Charts $SPY $QQQ $IWM $DXY $GLD $TLT $VIX $AAPL $TSLA $BTC $AMC https://t.co/w81e2oR4nQ",[]
2,ThePitBoss16,"20+ years in the line of fire Energy Futures Bonds FX 'The bombing was never authorized, but I suspect I know who lit the fuse. And so did the powers that be'",In the Pit,150,2829,28347,2,"Market Wrap â€“ Markets Rebound from The Depths Ahead of Monster Earnings 
Join us live @YouTube 
We look at technical analysis and sentiment on $ES_F $NDX $AAPL $SWVL $WBD $MSFT $FB $XOM $PTGX $NKTX #Gold #Copper $BTC #Natgas #oil in the podcast. 
https://t.co/TtzIVL6LxC",[]
3,get_blow,"""Never bet against America"" - richest stock investor ever Warren Buffet. Markets always go higher in the long run. TRADER. stocks. option.","New York, NY",0,626,9008,0,"Lets take a look at FAANG+ YTD: 
$AAPL is down -10.4% 
$AMZN is down -14.3% 
$FB is down -44.8% 
$GOOGL is down -15.1% 
$MSFT is down -16.0% 
$NFLX is down -64.9% https://t.co/AdhQAKM6Si",[]
4,NewportBFinance,"Stock market lover and investor from Newport Beach, California.
Surf, Sun and Stocks are the daily routine.",,107,16,134,84,"2022 Returns...
$TWTR: +17%
$TSLA: -6%
$AAPL: -9%
$AMZN: -13%
$GOOGL: -17%
$MSFT: -18%
$NOW: -28%
$ADBE: -28%
$CRM: -32%
$NVDA: -34%
$SQ: -35%
$TEAM: -35%
$SNAP: -36%
$AMD: -37%
$MRNA: -44%
$FB: -45%
$PINS: -46%
$SNOW: -47%
$PYPL: -54%
$NFLX: -65%
$SHOP: -66%
$RIVN: -67%",[]
5,NawafShalan0,,,850,265,9124,157,"Total Returns, last 7 years...
Bitcoin $BTC: +16,986%
NVIDIA $NVDA: +3,614%
Tesla $TSLA: +2,183%
Amazon $AMZN: +649%
Microsoft $MSFT: +631%
Apple $AAPL: +454%
Google $GOOGL: +342%
Nasdaq 100 $QQQ: +220%
Facebook $FB: +127%
Gold $GLD: +54%
Cash $BIL: +5%
Twitter $TWTR: +0%",[]
6,Ugo_AAPL,"ğŸ‘¨â€ğŸ’»- Lover | ğŸƒMarathoner | ğŸ§—â€â™‚ï¸Sport Climber | ğŸ“·, pushing the shutter button, sometimes | PC Modder | Also, proudly ğŸ³ï¸â€ğŸŒˆ.",The internets.,312,172,14113,0,"@dominocollege @AAPLTree Sooo, residual value has no meaning. 

(They might get some but it is disguised in the carrier giving them a rebate when they buy the next phone. They think theyâ€™re doing them a favor, itâ€™s rarely the case ğŸ˜„.)",[]
7,Ugo_AAPL,"ğŸ‘¨â€ğŸ’»- Lover | ğŸƒMarathoner | ğŸ§—â€â™‚ï¸Sport Climber | ğŸ“·, pushing the shutter button, sometimes | PC Modder | Also, proudly ğŸ³ï¸â€ğŸŒˆ.",The internets.,312,172,14113,0,"@dominocollege @AAPLTree For two reasons : from the door of the store these commodities lose so much value.

And their happiness fonction with the product is tolerating a far shittier experience than we (you and I) would accept.

It might all be dead weight in their minds. 2/2",[]
8,Sol_3__,Trading. Donâ€™t take me seriously. Not investment advice.,Babylon,377,26,16,0,I think Apple holding its 200MA was significant info. $AAPL,[]
9,IndicesenelMes,,,259,74,30440,169,"Some very ğ—µğ—²ğ—¹ğ—½ğ—³ğ˜‚ğ—¹ğŸ“Š charts ğŸ“Š summarizing the tightening cycle, housing market, tech stocks, bond yields and more. 

Take a look through ğŸ§µ ğ˜ğ—µğ—¿ğ—²ğ—®ğ—± ğŸ§µ below. Pls retweet ğŸ”‚!

$SPX $QQQ $AAPL $GOOGL $TSLA $MSFT $AMZN $FB $ARKK $NVDA ...ğŸ‘‡ğŸ‘‡ğŸ‘‡ https://t.co/6UOY11x1pr",[]
10,malcolmlum75,"My hobbies are, Virtual Regatta Offshore Yachting, News, Weather, and General Sport, AFL, V8 Supercars, Formula1, Nascar, Horse Racing.",,536,109,126565,4,"Iâ€™ll be there but I think #Twitter #ElonMusk 

Also 1/3rd of the S&amp;P500 reporting is big 
#Apple #Amazon #Google #Meta #Microsoft #Twitter 

1st time I think the $twtr report card will overshadow $aapl https://t.co/Z9JnSbBwsR","['Twitter', 'ElonMusk', 'Apple', 'Amazon', 'Google', 'Meta']"
11,Ugo_AAPL,"ğŸ‘¨â€ğŸ’»- Lover | ğŸƒMarathoner | ğŸ§—â€â™‚ï¸Sport Climber | ğŸ“·, pushing the shutter button, sometimes | PC Modder | Also, proudly ğŸ³ï¸â€ğŸŒˆ.",The internets.,312,172,14113,0,"@dominocollege @AAPLTree (Iâ€™ll get burned for what I say here)

Â«Â Regular peopleÂ Â» think in pretty weird terms about their electronics. 

Theyâ€™re too used to commodities that they hold onto till they break down. 1/2",[]
12,hkemaldemircan,,,1993,31,488,157,"Total Returns, last 7 years...
Bitcoin $BTC: +16,986%
NVIDIA $NVDA: +3,614%
Tesla $TSLA: +2,183%
Amazon $AMZN: +649%
Microsoft $MSFT: +631%
Apple $AAPL: +454%
Google $GOOGL: +342%
Nasdaq 100 $QQQ: +220%
Facebook $FB: +127%
Gold $GLD: +54%
Cash $BIL: +5%
Twitter $TWTR: +0%",[]
13,MoquitMalik,"Associate Broker / Realtor ABR, GRI, SRES, MD, VA & Wash, D.C. Evergreen Properties. Network/Systems Engineer MD Terps AAU Unfinished Business Basketball Coach",Greater Washington DC Area ,304,70,6538,0,@RedDogT3 GM will bullish market continue today or will bearish seek to stand on  two legs to seem mighty and strong? $SPY $TWTR $UPS $QQQ $TSLA $MSFT $AAPL Nevertheless letâ€™s rope both the bull &amp; bear and stay on top for maximum gains! Make it a great one and enjoy!,[]
14,Davisadam20,Best discord group over 80k members and even have their own app join here https://t.co/420ael3NgU,,0,14,1354,0,"$AMD $BB $DAL $DOW  $AAPL $ESE $SPCE $FCEL $TRIP $BYND $MRNA $NOK $OXY $CCL $CRM $DGLY $HTZ  $GMBL $FB $CHPT

options alerts 90% success rate ğŸ™
https://t.co/JJHC0f4421 https://t.co/d2gDV690D6",[]
15,Davisadam20,Best discord group over 80k members and even have their own app join here https://t.co/420ael3NgU,,0,14,1354,0,"Couple of stats and quotes for the week ahead.

Join our discord: 
https://t.co/JJHC0f4421

$ES_F $NQ_F $YM_F $SPY $SPX $QQQ $TLT $FB $AMZN $AAPL $NVDA $NFLX $GOOGL $TSLA $XLK $XLE $XLF https://t.co/CnabKTzij7",[]
16,Davisadam20,Best discord group over 80k members and even have their own app join here https://t.co/420ael3NgU,,0,14,1354,0,"We find the 100% runners BEFORE the crowd!
Chatroom:
https://t.co/JJHC0f4421

$ACB $NVAX $MRNA $CGC $DKNG $AAL $SAVE $UAL $WORK $PLAY $DOCU $PD $GPS $MDB  $AAPL https://t.co/KSHCWQXuuc",[]
17,SimonsKyra,Old,,308,54,1205,7,You see how nasdaq is up in the fake bid. Brutal and pure savageness. She bleeds this week big time. Hold all shorts on tech $QQQ and the singles $AAPL $AMZN $FB $MSFT $GOOGL $NVDA,[]
18,Davisadam20,Best discord group over 80k members and even have their own app join here https://t.co/420ael3NgU,,0,14,1354,0,"Top Chatroom

Join for both FREE &amp; PREMIUM SERVICE!
https://t.co/JJHC0f4421

$SPX $SPY $AMZN $AAPL $AMD $FB $SHOP $BYND $NVDA $GOOGL $MSFT $TSLA $BA $CMG $INTC $NFLX $JPM $BAC $YM https://t.co/npdjWwOgv8",[]
19,bizz_alex,King of the Castle.,London / NYC,564,45,337,2,"That was another wild ride yesterday in US equities!  To prepare you for what will be the principal sentiment-drivers the rest of the week, this is a chart providing some metrics on the #FAMAG stocks: $FB, $AAPL, $MSFT, $AMZN and $GOOG. https://t.co/oSWZUl2fdk",[]
20,nn45dOqeTcYmd5c,ë¬´ë…ë¬´ìƒ,,33,0,298,733,"#earnings for the week 

https://t.co/lObOE0dgsr 

$FB $AAPL $MSFT $AMZN $PYPL $GOOGL $KO $UPS $ATVI $TWTR $XOM $BA $F $GE $SPOT $PEP $ROKU $MMM $CVX $QCOM $VLO $RTX $CL $INTC $JBLU $V $WM $CAT $NOK $LUV $GM $DHI $HOOD $ENPH $CVE $MA $ABBV $OTIS $PHG $CMG $MCD $MRK $DORM $X $ADM https://t.co/Q2N0mmLZyB",['earnings']
21,Tom080418,,,75,14,360,19,"Trade plan for Tuesday âœ…

$SPX if we see a break through 4300 we should see a bounce towards 4342-4350. Calls can work above 4300

$NVDA needs back through 200 to test 205-208. Calls can work above 200

$AAPL if it gets back to 167 before earnings possible to see 177 by Friday",[]
22,Tom080418,,,75,14,360,11,"ğŸ”¥JUICY TRIGGER WLğŸ”¥
âš”ï¸TRADE THE PLANâš”ï¸ #PRESSIT 
$TSLA CALLS&gt;1008.64ğŸ“ˆğŸ“‰PUTS&gt;974
$AMD CALLS&gt;91.35ğŸ“ˆğŸ“‰PUTS&lt;88.62
$NVDA CALLS&gt;199.47ğŸ“ˆ
$UBER CALLS&gt;32.50ğŸ“ˆ
$MSFT CALLS&gt; 281.10ğŸ“ˆ
$AAPL CALLS&gt;163.16ğŸ“ˆ https://t.co/mV0VfbF8sH",['PRESSIT']
23,InvestmentSwami,"I AM THE INVESTMENT SWAMI, I AM HERE TO HELP EDUCATE , INFORM, ADVISE AND DIRECT YOU TOWARDS THE MOST DYNAMIC OPPORTUNITIES THAT PRESENT THEMSELVES NOW & LATER",,1266,420,4170,0,POSSIBLE MOVERS FOR TUESDAY APRIL 26/22ğŸš¨ğŸš€ğŸš¨ $CEI $MULN $KAVL $RMED $CIDM $AAPT $BFRI $BFRIW $SPRB $OCGN $CEI $TSLA $AMC $GME $CLOV $BB $FCEL $DATS $PTON $JMIA $NU $DOGE $HBAR $AMZN $MSFT $HOOD $NIO $FB $RIOT $MARA $SOS $PROG $KULR $BFRI $TWTR $MSFT $AAPL $BTC $AVGO $INTC $ADBE https://t.co/A2FiErtInK,[]
24,Davisadam20,Best discord group over 80k members and even have their own app join here https://t.co/420ael3NgU,,0,14,1354,0,"20 days free trial available
Discord link below
https://t.co/JJHC0f4421

 $GRIL $JAGX $INO  $BYFC $TSLA $SPY $BOXL $AAPL $AYRO $ACHV $ABUS $TLRY $KODK https://t.co/VKd7U8gfx4",[]
25,Ugo_AAPL,"ğŸ‘¨â€ğŸ’»- Lover | ğŸƒMarathoner | ğŸ§—â€â™‚ï¸Sport Climber | ğŸ“·, pushing the shutter button, sometimes | PC Modder | Also, proudly ğŸ³ï¸â€ğŸŒˆ.",The internets.,312,172,14113,0,"@AndrewHartAR But, Is it? ğŸ˜„ (I live in tech &amp; cryptography + a spoon of anarchism Twitter ğŸ˜„).",[]
26,fintwit_tracker,Tracking trending stocks among the most influential traders on #fintwits,"Miami, FL",655,8515,25638,0,"Trending Stocks on #fintwit: 

Source: https://t.co/cWJOwWSb0I 

1. $SPY ğŸ¥‡
2. $TSLA ğŸ¥ˆ
3. $AAPL ğŸ¥‰
4. $MSFT
5. $AMZN
6. $NFLX
7. $FB
8. $GOOGL
9. $ES_F
10. $UVXY

( Sorted by most recent ) https://t.co/Iblg6a6pwI",['fintwit']
27,MacHashNews,"Up to the minute Apple news. The best Mac and iOS rumors, apps and more in one feed. #Apple $AAPL From @GlassWaveApps",Designed in California,3677,1899,102736,0,Apple @ Work Podcast: Google Workspace integration will drive the use of Managed Apple IDs https://t.co/WsTHJbUeEQ $AAPL https://t.co/kHegtqn4WE,[]
28,Gambiste1,"Check out the best tweets on Stocks. Beware, I am the greatest stocks retweeter. retweets are not endorsment. Find hot stocks with @GambisteFinance.",,0,15990,1731850,1,"Trending Stocks on #fintwit: 

1. $RIBT ğŸ¥‡
2. $TWTR ğŸ¥ˆ
3. $TSLA ğŸ¥‰
4. $SPX
5. $DXY
6. $QQQ
7. $AAPL
8. $SPY
9. $MSFT
10. $NTDOY

#investing #stocks #wallstreetbets",['fintwit']
29,ActuTrades,"Actuary by day, derivatives trader by night","London, England",345,68,182,0,"Earnings Expected Moves

Thursday

Twitter $TWTR | Expected Move: 10.2% | 
Recent moves: -3%, -11%, +3%

Apple $AAPL | Expected Move: 4.9% | 
Recent moves: +7%, -2%, -1%

Amazon $AMZN | Expected Move: 6.1% | 
Recent moves: +14%, -2%, -8%

#Actutrades",['Actutrades']
30,zixol22,artist,,94,80,1206,157,"Total Returns, last 7 years...
Bitcoin $BTC: +16,986%
NVIDIA $NVDA: +3,614%
Tesla $TSLA: +2,183%
Amazon $AMZN: +649%
Microsoft $MSFT: +631%
Apple $AAPL: +454%
Google $GOOGL: +342%
Nasdaq 100 $QQQ: +220%
Facebook $FB: +127%
Gold $GLD: +54%
Cash $BIL: +5%
Twitter $TWTR: +0%",[]
31,Ugo_AAPL,"ğŸ‘¨â€ğŸ’»- Lover | ğŸƒMarathoner | ğŸ§—â€â™‚ï¸Sport Climber | ğŸ“·, pushing the shutter button, sometimes | PC Modder | Also, proudly ğŸ³ï¸â€ğŸŒˆ.",The internets.,312,172,14113,0,"Lol

When law people imagine how code works, ğŸ¤ª. https://t.co/qs3mzAqlWY",[]
32,Makemeproud082,Always strive and prosper,,721,132,109,8,"ğ—ğ—®ğ—º-ğ—£ğ—®ğ—°ğ—¸ğ—²ğ—± ğŸ‡ºğŸ‡¸ #ğ—²ğ—®ğ—¿ğ—»ğ—¶ğ—»ğ—´ğ˜€ ğ—ªğ—²ğ—²ğ—¸ ğ—”ğ—µğ—²ğ—®ğ—± ğŸš¨

ğ˜–ğ˜¯ ğ˜µğ˜©ğ˜¦ ğ˜Œğ˜¢ğ˜´ğ˜ºğ˜™ğ˜¦ğ˜´ğ˜¦ğ˜¢ğ˜³ğ˜¤ğ˜© ğ˜ğ˜¢ğ˜µğ˜¤ğ˜©ğ˜­ğ˜ªğ˜´ğ˜µ ğŸ”¥

Mon: $KO $ATVI
Tue: $UPS $GOOGL $MSFT $V $GM $GE
Wed: $BA $FB $SPOT $PYPL $TDOC
Thu: $TWTR $AAPL $AMZN $HOOD

#ğ—œğ—»ğ˜ƒğ—²ğ˜€ğ˜ğ—¼ğ—¿ğ˜€ğ—¢ğ—³ğ—§ğ—µğ—²ğ—šğ—®ğ—¹ğ—®ğ˜…ğ˜† https://t.co/HZa1QOK8ZG",['ğ—²ğ—®ğ—¿ğ—»ğ—¶ğ—»ğ—´ğ˜€']
33,ValkaniosGram,"Vivere pericolosamente, Dark Matter Enthusiast, OCBD
Absolutely maybe
I'm only human",Î‘Î³Î¯Î±Ï‚ Î˜Î­ÎºÎ»Î±Ï‚ & Î¦Ï‰ÎºÎ¯Ï‰Î½Î¿Ï‚ ÎÎ­Î³ÏÎ·,1524,1531,55501,157,"Total Returns, last 7 years...
Bitcoin $BTC: +16,986%
NVIDIA $NVDA: +3,614%
Tesla $TSLA: +2,183%
Amazon $AMZN: +649%
Microsoft $MSFT: +631%
Apple $AAPL: +454%
Google $GOOGL: +342%
Nasdaq 100 $QQQ: +220%
Facebook $FB: +127%
Gold $GLD: +54%
Cash $BIL: +5%
Twitter $TWTR: +0%",[]
34,entrepreneuer1,"Do hard things to have an easy life

Not a financial advisor",,78,174,1138,0,"Strength does not come from winning. Your struggles develop your strengths.

$twtr $dwac $nktx $ko $rbdx $ups $avdl $cydy $agrx $ge $whr $sbfm $ater $vntr $kss $cdns $hsbc $nnox $aapl $amd $bac",[]
35,DefinitionBot,"Stock Mentions on Twitter

Trading Pro System PlusğŸ†• â†’ https://t.co/5r7K1VqGg4",,3,752,2887,0,"Count of mentions for the tickers in last 1 hr

1. $TSLA: 89 (-10)
2. $AMC: 52 (-2)
3. $AAPL: 31 (0)
4. $AMZN: 31 (12)
5. $MSFT: 30 (-1)
6. $FB: 30 (13)
7. $NIO: 23 (3)
8. $NVDA: 11 (-3)

Top speaker: @rattibha ğŸš€ $TSLA",[]
36,abuzgram,Som sagt man er ik som folk er flest. | Crypto & Stock | investor | Politisk kritiker | Documenting political news/issues | ğŸ‡·ğŸ‡º |,"Copenhagen, Denmark",385,255,5778,157,"Total Returns, last 7 years...
Bitcoin $BTC: +16,986%
NVIDIA $NVDA: +3,614%
Tesla $TSLA: +2,183%
Amazon $AMZN: +649%
Microsoft $MSFT: +631%
Apple $AAPL: +454%
Google $GOOGL: +342%
Nasdaq 100 $QQQ: +220%
Facebook $FB: +127%
Gold $GLD: +54%
Cash $BIL: +5%
Twitter $TWTR: +0%",[]
37,FatherFranklins,Day traderğŸ’²Iron addictğŸ‹ğŸ»â€â™€ï¸ | Personal DD posted here | Not financial adviceğŸ—£ |,"Savannah, GA",234,396,1732,0,"ğŸš¨WATCHLIST!ğŸš¨
Expected moves: ğŸš€
$WMT Â± $3.62ğŸ˜®â€ğŸ’¨
$NFLX Â± $13.55ğŸ‘€
$SQ Â± $9.79(HIGH IV) ğŸ˜®â€ğŸ’¨
$AAPL Â± $9.08ğŸ‘€
Green level- idea entries ğŸŸ¢
Blue levels- price targets ğŸ¯
*Im buying WEEKLY exp on cons with the MOST volume in the expected range* âœï¸ https://t.co/qAKd3K90Hn",[]
38,entrepreneuer1,"Do hard things to have an easy life

Not a financial advisor",,78,174,1138,0,"you are not fighting against others traders, you are fighting against your emotions!

$twtr $dwac $nktx $ko $rbdx $qk $ups $avdl $cydy $agrx $ge $whr $sbfm $ater $vntr $kss $cdns $hsbc $nnox $aapl $amd $bac $nvda $f $vale $itub $Nio $vz $snap $bbd $et $nok $nly $clf $sofi $didi",[]
39,OlympuTock,Ascend the mountain of #investing and stock #trading with us behind you.  Itâ€™s all about the climb ğŸ“ˆ ğŸ”ï¸,,177,92,135,0,"@commandenteSD $AAPL, always $AAPL. ""Oh I shouldn't have sold, why did I sell?!""",[]
40,Ugo_AAPL,"ğŸ‘¨â€ğŸ’»- Lover | ğŸƒMarathoner | ğŸ§—â€â™‚ï¸Sport Climber | ğŸ“·, pushing the shutter button, sometimes | PC Modder | Also, proudly ğŸ³ï¸â€ğŸŒˆ.",The internets.,312,172,14113,0,Râ€™Amen! https://t.co/4IOiuOVsdi,[]
41,soloalam1,"Everything is going be great Tomorrow 
   Stay Strong - Stay Positive â¤ğŸâ¤ 
                Together we can.... JUST DO BETTER !",,1993,1752,32893,13,Tomorrow after the market closes $MSFT $GOOG $V all report $FB on Wednesday and $AAPL $AMZN $INTC $MC $MCD on Thursday.  That is about 40% (weighted) on the $QQQ .... https://t.co/Q55MmRx5b0,[]
42,Gambiste1,"Check out the best tweets on Stocks. Beware, I am the greatest stocks retweeter. retweets are not endorsment. Find hot stocks with @GambisteFinance.",,0,15990,1731850,1,Anyone else have this voice in their head??? ğŸ¤¦â€â™‚ï¸ $GME $AMC $SNDL $PLTR $SOS $ZOM $NAKD $CTRM $AAPL $NIO $TSLA $GNUS $HMBL $INND https://t.co/sQV1U7F8aO,[]
43,SmartOptionsAi,Million Dollar Option Trades Data Sent Directly to Your Phone.,,72,6652,110027,0,"How To Manage Your Capital As a Profitable Options Trader.

https://t.co/gmsBxl9Tk9

$spy $tsla $aapl",[]
44,Ugo_AAPL,"ğŸ‘¨â€ğŸ’»- Lover | ğŸƒMarathoner | ğŸ§—â€â™‚ï¸Sport Climber | ğŸ“·, pushing the shutter button, sometimes | PC Modder | Also, proudly ğŸ³ï¸â€ğŸŒˆ.",The internets.,312,172,14113,0,"@GossiTheDog @TeslaPodcast I mean, theyâ€™d still need to at least repay part of these investorsâ€™ money.",[]
45,thedave2006,"TSX, TSXV investor. Learn from others while letting you know my market experiences.
Flyers, Jays, Raptors fan. Enjoyed all their championships.
Not from BNN.",Canada,4241,6560,150198,14,"$SPX is headed higher into the next 54/56 TD high, which means the bounce should continue into at least Thursday. Given the washout this cycle is more likely to revert to 56 TD which means a high on May 2, but it will depend on AAPL and AMZN earnings on Thursday after the close. https://t.co/ljA5I472rg",[]
46,Ugo_AAPL,"ğŸ‘¨â€ğŸ’»- Lover | ğŸƒMarathoner | ğŸ§—â€â™‚ï¸Sport Climber | ğŸ“·, pushing the shutter button, sometimes | PC Modder | Also, proudly ğŸ³ï¸â€ğŸŒˆ.",The internets.,312,172,14113,2,"And the award for ""most unecessary app of the decade"" goes to... https://t.co/XFenn786CZ",[]
47,newsfilterio,"Run by investors, for investors.

Real-time:
PRs
Gov. contract awards
Earnings
M&As
FDA approvals
Insider trades
SEC filings
And more

Not investment advice","New York, NY",179,22668,1060155,0,Apple - Time To Take Another Bite $AAPL https://t.co/lS3YKVQ6BT,[]
48,MacHashNews,"Up to the minute Apple news. The best Mac and iOS rumors, apps and more in one feed. #Apple $AAPL From @GlassWaveApps",Designed in California,3677,1899,102736,0,Beginner's Guide to Seven Mortal Sins X-TASY https://t.co/aP28INGnxL $AAPL https://t.co/k3ARAMFZop,[]
49,Ugo_AAPL,"ğŸ‘¨â€ğŸ’»- Lover | ğŸƒMarathoner | ğŸ§—â€â™‚ï¸Sport Climber | ğŸ“·, pushing the shutter button, sometimes | PC Modder | Also, proudly ğŸ³ï¸â€ğŸŒˆ.",The internets.,312,172,14113,0,"Read that! 

(Itâ€™s probably from @/evacide ğŸ˜‰). https://t.co/2ZTT8LQePB",[]
50,3TriggersTrader,"up or down, no1 knows. the levels of my calls will never touch the wall!
the bunch of NUMBERS minute-by-minute telling Uwat2do ...
BUY ABOVE & SELL BELOW","New Germany, South Africa",330,977,164284,0,$SPY 453.on-the-cards ... in case of $AAPL $MSFT $TSLA,[]
51,JohnCarlos,"Digital Publisher & Influencer in tech, food, soccer & skiing. Love Peruvian Cuisine? Then follow us at https://t.co/NuVv0EYjUq. Also https://t.co/Qafz7QJmaC","Burlingame, CA",6577,5975,110059,13,Tomorrow after the market closes $MSFT $GOOG $V all report $FB on Wednesday and $AAPL $AMZN $INTC $MC $MCD on Thursday.  That is about 40% (weighted) on the $QQQ .... https://t.co/Q55MmRx5b0,[]
52,BlaqPips,B U S I N E S S & F I N A N C E ğŸ³,,648,236,6182,5,"Most active stocks in today's pre market trading

Twitter $TWTR
Wells Fargo $WFC
Apple $AAPL
JPMorgan $JPM
Carvana $CVNA
Pfizer $PFE
Citi $C
Berkshire $BRK.B
Howmet $HWM
Coca-Cola $KO
DR Horton $DHI
Schwab $SCHW
Tesla $TSLA
Morgan $MS
Nvidia $NVDA
Huntington $HBAN
$USB
$AMD",[]
53,Iamanirudhsethi,"Global Financial Analyst  - Motivator Ph.D -Human Psychology Trading Coach ,Author of 7 Books ,Trading and Analysis since 1992 
https://t.co/pduKeJ9hUcâ€¦","Gujarat, India",4192,52761,90407,1,"Total Returns, last 7 years...
Bitcoin $BTC: +16,986%
NVIDIA $NVDA: +3,614%
Tesla $TSLA: +2,183%
Amazon $AMZN: +649%
Microsoft $MSFT: +631%
Apple $AAPL: +454%
Google $GOOGL: +342%
Nasdaq 100 $QQQ: +220%
Facebook $FB: +127%
Gold $GLD: +54%
Cash $BIL: +5%
Twitter $TWTR: +0%",[]
54,AppleRetweetBot,Bot that retweets tweets containing #Apple | By: @Romanio0089 | @XiaomiRTBot,,2,698,82681,1,"ğŸ”¥ğŸ”¥ Automated Hourly $AAPL ğŸ Sentiment Report (ğŸ“ˆ / ğŸ“‰) ğŸ”¥ğŸ”¥
1. Product Series Reviews:
#iPhones 57/145
#Mac #Macbook 85/104
#iPad 53/48
#AppleWatch 52/75
#MacOS #iOS 72/35
General #Apple Products 36/80
2. Company News: 350/300
3. Social Media: 63/48
04/26/2022 09:07 UTC","['iPhones', 'Mac', 'Macbook']"
55,AAPLinsights,A deep learning implemented NLP sentiment engine for AAPL. Sentiment score is provided in the format of Positive_Sentiment_Score / Negative_Sentiment_Score.,,61,42,2683,1,"ğŸ”¥ğŸ”¥ Automated Hourly $AAPL ğŸ Sentiment Report (ğŸ“ˆ / ğŸ“‰) ğŸ”¥ğŸ”¥
1. Product Series Reviews:
#iPhones 57/145
#Mac #Macbook 85/104
#iPad 53/48
#AppleWatch 52/75
#MacOS #iOS 72/35
General #Apple Products 36/80
2. Company News: 350/300
3. Social Media: 63/48
04/26/2022 09:07 UTC","['iPhones', 'Mac', 'Macbook', 'iPad', 'AppleWatch', 'MacOS', 'iOS', 'Apple']"
56,LydiaBr49823604,Most profitable chat room . Weâ€™re operating at an 94% success history with an average profit of 25% in 4 days.. Get today winning alerts*,,64,4,882,0,"$AAPL ~Earnings reports today before the markets open.,........... https://t.co/EauaBnZDUc",[]
57,fintwit_tracker,Tracking trending stocks among the most influential traders on #fintwits,"Miami, FL",655,8515,25638,0,"Trending Stocks on #fintwit: 

Source: https://t.co/cWJOwWSb0I 

1. $TSLA ğŸ¥‡
2. $SPY ğŸ¥ˆ
3. $AAPL ğŸ¥‰
4. $MSFT
5. $AMZN
6. $NFLX
7. $FB
8. $GOOGL
9. $ES_F
10. $UVXY

( Sorted by most recent ) https://t.co/cmPD5uUDCo",['fintwit']
58,CryptoI10257503,"Check out our community of real traders helping each other profit. Education, live lessons, alerts, and more.
https://t.co/1oj9okrJ09",,0,58,23832,0,"$AAPL   Guys, Don't miss the next move in a few hours.,...~
https://t.co/zqGskOKhdC",[]
59,newsfilterio,"Run by investors, for investors.

Real-time:
PRs
Gov. contract awards
Earnings
M&As
FDA approvals
Insider trades
SEC filings
And more

Not investment advice","New York, NY",179,22668,1060155,0,Pros And Cons Of Investing In Netflix Stock $AAPL $AMZN $DIS $TSLA $WBD https://t.co/bOfgY3cVKo,[]
60,Josephburms,"I tweet about trading, financial markets, & financial freedom. I also share what I find inspiring & motivating. I am a trader & the founder of https://t.co/QiCTcYCUSA",Tennessee USA ,23,12,239,22,"Big earnings week: 

$FB $AAPL $MSFT $AMZN $PYPL $GOOGL $KO $UPS $ATVI $TWTR $XOM $BA $F $GE $SPOT $PEP $ROKU $MMM $CVX $QCOM $VLO $RTX $CL $INTC $JBLU $V $WM $CAT $NOK $LUV $GM $DHI $HOOD $ENPH $CVE $MA $ABBV $OTIS $PHG $CMG $MCD $MRK $DORM $X $ADM https://t.co/kIzX51YqaG",[]
61,LydiaBr49823604,Most profitable chat room . Weâ€™re operating at an 94% success history with an average profit of 25% in 4 days.. Get today winning alerts*,,64,4,882,0,"$AAPL ~Earnings reports today before the markets open.,.......... https://t.co/EauaBnZDUc",[]
62,veei_k,"You will always see people on social media telling you much money they made. They may have done, but they wonâ€™t tell how much they lost, when they lose it.","Fukuoka City, Fukuoka",971,14,11953,1,"Which one of these is the greatest acquisition of all time?
$FB $GOOG $AAPL $MSFT",[]
63,genuine_impact,"Use our app to research more than 15,000 stocks and ETFs in 2 minutes. Download for free now ğŸ‘‡","London, England",88,354,827,0,"Revenue is expected to be $49 billion, a 17.4% YoY increase, and EPS of $2.18 are expected, 11.8% higher than last year. $MSFT is down 5% in the last three months, but is still worth $2.1 trillion, and is the second largest company in the world, behind only $AAPL",[]
64,rinodo2,Another winning alert based on our custom ThinkorSwim script.  ğŸ”—  https://t.co/vkSzBk2I2z,,1,0,20,0,$aapl    Another winning alert based on our custom ThinkorSwim script.  ğŸ”—  https://t.co/PUyhHTazMV,[]
65,CryptoI10257503,"Check out our community of real traders helping each other profit. Education, live lessons, alerts, and more.
https://t.co/1oj9okrJ09",,0,58,23832,0,"$AAPL  Guys, Don't miss the next move in a few hours.,...~
https://t.co/zqGskOKhdC",[]
66,Gambiste1,"Check out the best tweets on Stocks. Beware, I am the greatest stocks retweeter. retweets are not endorsment. Find hot stocks with @GambisteFinance.",,0,15990,1731850,9,"TODAYs Recap!ğŸ”¥

$DWAC puts 185%ğŸ’°ğŸ’µğŸ”¥
$ZIM puts 133%ğŸ’°ğŸ’µğŸ”¥
$DWAC puts overnight 105%ğŸ’°ğŸ’µğŸ”¥
$NFLX puts paid 60%ğŸ’µğŸ”¥

ğŸš¨SHOW LOVEğŸš¨
ğŸ”60 Retweets For TOMORROWs FREE PICKS!

$SPY $TSLA $SHOP $AMZN $ROKU $NFLX $AAPL $NVDA $AMD $UPST $LCID https://t.co/hbxaBCM6Dx",[]
67,Gambiste1,"Check out the best tweets on Stocks. Beware, I am the greatest stocks retweeter. retweets are not endorsment. Find hot stocks with @GambisteFinance.",,0,15990,1731850,9,"TODAYs Recap!

$FB puts paid 190%ğŸ’°ğŸ’µğŸ”¥
$QCOM puts paid 170%ğŸ’°ğŸ’µğŸ”¥
$SHOP puts paid 90%ğŸ’µğŸ”¥
$UAL calls paid 75%ğŸ”¥
$CPNG puts paid 70%ğŸ”¥

ğŸš¨SHOW LOVEğŸš¨
ğŸ”60 Retweets For MONDAYs FREE PICKS!

$SPY $TSLA $SHOP $AMZN $ROKU $NFLX $AAPL $NVDA $AMD $UPST $LCID https://t.co/bkQB0VF4z7",[]
68,nitlott3n,,"Stockholm, Sverige",257,39,912,733,"#earnings for the week 

https://t.co/lObOE0dgsr 

$FB $AAPL $MSFT $AMZN $PYPL $GOOGL $KO $UPS $ATVI $TWTR $XOM $BA $F $GE $SPOT $PEP $ROKU $MMM $CVX $QCOM $VLO $RTX $CL $INTC $JBLU $V $WM $CAT $NOK $LUV $GM $DHI $HOOD $ENPH $CVE $MA $ABBV $OTIS $PHG $CMG $MCD $MRK $DORM $X $ADM https://t.co/Q2N0mmLZyB",['earnings']
69,brandonmscales,,,3229,11,812878,15,"$AAPL 50% Crash to 80?
#AAPL #Stock #stocks #market #investing 

AAPL on verge of crash https://t.co/LxZkzJzv7d","['AAPL', 'Stock', 'stocks', 'market', 'investing']"
70,MetachartAI,MetaChart is the first free Technical Analysis as a Service (TAaS) platform for traders. We augment pro traders with market geometry and machine learning tools.,Miami,7,64,318,0,"Here's a some of our member's #profits from last week
Don't be the person that misses out.
Join us today, totally free, no trial, no BS. 
#trading #OptionsTrading #tradealert 
$XOM $AAPL $DIS 
https://t.co/MetwllYz1G https://t.co/T763oOGJeG","['profits', 'trading', 'OptionsTrading', 'tradealert']"
71,escapebusiness,Escape Business Solutions offers Enterprise and Small Business IT solutions.,Delivers Globally,1728,474,7076,157,"Total Returns, last 7 years...
Bitcoin $BTC: +16,986%
NVIDIA $NVDA: +3,614%
Tesla $TSLA: +2,183%
Amazon $AMZN: +649%
Microsoft $MSFT: +631%
Apple $AAPL: +454%
Google $GOOGL: +342%
Nasdaq 100 $QQQ: +220%
Facebook $FB: +127%
Gold $GLD: +54%
Cash $BIL: +5%
Twitter $TWTR: +0%",[]
72,ma_lick,Masters in Financial Markets â€˜17 @Rhodes_Uni | #Hedging & #Speculating | Profits & Lessons | @JSE_Group Licensed Trader & Investor | Boxing | Fishing | Arts ğŸ­,Within the Markets,376,204,5704,157,"Total Returns, last 7 years...
Bitcoin $BTC: +16,986%
NVIDIA $NVDA: +3,614%
Tesla $TSLA: +2,183%
Amazon $AMZN: +649%
Microsoft $MSFT: +631%
Apple $AAPL: +454%
Google $GOOGL: +342%
Nasdaq 100 $QQQ: +220%
Facebook $FB: +127%
Gold $GLD: +54%
Cash $BIL: +5%
Twitter $TWTR: +0%",[]
73,SyFySi,,,56,88,6570,9,"TODAYs Recap!

$FB puts paid 190%ğŸ’°ğŸ’µğŸ”¥
$QCOM puts paid 170%ğŸ’°ğŸ’µğŸ”¥
$SHOP puts paid 90%ğŸ’µğŸ”¥
$UAL calls paid 75%ğŸ”¥
$CPNG puts paid 70%ğŸ”¥

ğŸš¨SHOW LOVEğŸš¨
ğŸ”60 Retweets For MONDAYs FREE PICKS!

$SPY $TSLA $SHOP $AMZN $ROKU $NFLX $AAPL $NVDA $AMD $UPST $LCID https://t.co/bkQB0VF4z7",[]
74,CryptoI10257503,"Check out our community of real traders helping each other profit. Education, live lessons, alerts, and more.
https://t.co/1oj9okrJ09",,0,58,23832,0,"$AAPL Guys, Don't miss the next move in a few hours.,...~
https://t.co/zqGskOKhdC",[]
75,SyFySi,,,56,88,6570,9,"TODAYs Recap!ğŸ”¥

$DWAC puts 185%ğŸ’°ğŸ’µğŸ”¥
$ZIM puts 133%ğŸ’°ğŸ’µğŸ”¥
$DWAC puts overnight 105%ğŸ’°ğŸ’µğŸ”¥
$NFLX puts paid 60%ğŸ’µğŸ”¥

ğŸš¨SHOW LOVEğŸš¨
ğŸ”60 Retweets For TOMORROWs FREE PICKS!

$SPY $TSLA $SHOP $AMZN $ROKU $NFLX $AAPL $NVDA $AMD $UPST $LCID https://t.co/hbxaBCM6Dx",[]
76,ibrahim_raziya,,,229,141,2375,2,"Do you think $AAPL should buyout $NFLX, apple needs content and Netflix needs user growth ?",[]
77,Johnhester21,I am a full time blogger & crypto miner. Technical analysis & charts are the foundation to my trading. I enjoy teaching & helping others.,"New York, USA",2,12360,53,1,Anyone else have this voice in their head??? ğŸ¤¦â€â™‚ï¸ $GME $AMC $SNDL $PLTR $SOS $ZOM $NAKD $CTRM $AAPL $NIO $TSLA $GNUS $HMBL $INND https://t.co/sQV1U7F8aO,[]
78,Gambiste1,"Check out the best tweets on Stocks. Beware, I am the greatest stocks retweeter. retweets are not endorsment. Find hot stocks with @GambisteFinance.",,0,15990,1731850,1,â€œThe voicesâ€ are a very real thing for us traders! ğŸ˜‚ğŸ¤·ğŸ¼â€â™‚ï¸ğŸ¤¦â€â™‚ï¸ğŸ¤¡ $TSLA $ZOM $AMC $GME $SNDL $NAKD $AAPL $CCIV $PLTR $SOS $NIO $NNDM $NLST https://t.co/cWILDbhvOd,[]
79,Gambiste1,"Check out the best tweets on Stocks. Beware, I am the greatest stocks retweeter. retweets are not endorsment. Find hot stocks with @GambisteFinance.",,0,15990,1731850,1,"Longtime student and member of the community, Dan, continues to inspire with his results! Heâ€™s been doing it for years now! Well done Dan and thanks for keeping us all motivated and inspired ğŸ™ $AMC $GME $ZOM $SOS $PLTR $TSLA $SNDL $XL $AAPL $NFLX $EEENF $NIO $LI $CCL $AMZN $FB https://t.co/3fkMEWeqfz",[]
80,PSuiteNetwork,#WorkingClass | Tweets are not Buy/Sell Advice | Do Your Own Research. Trust No Hedge Fund. Take Profits. Don't Be Greedy.,NJ NYC Philly AC Central NJ,4494,2031,153957,1,"Trending Stocks on #fintwit: 

Source: https://t.co/cWJOwWSb0I 

1. $TSLA ğŸ¥‡
2. $SPX ğŸ¥ˆ
3. $DXY ğŸ¥‰
4. $AAPL
5. $SPY
6. $QQQ
7. $MSFT
8. $AMZN
9. $TWTR
10. $NTDOY

( Sorted by most recent ) https://t.co/SKONCfzZZU",['fintwit']
81,PSuiteNetwork,#WorkingClass | Tweets are not Buy/Sell Advice | Do Your Own Research. Trust No Hedge Fund. Take Profits. Don't Be Greedy.,NJ NYC Philly AC Central NJ,4494,2031,153957,1,"Trending Stocks on #fintwit: 

Source: https://t.co/cWJOwWSb0I 

1. $RIBT ğŸ¥‡
2. $TWTR ğŸ¥ˆ
3. $TSLA ğŸ¥‰
4. $SPX
5. $DXY
6. $QQQ
7. $AAPL
8. $SPY
9. $MSFT
10. $NTDOY

( Sorted by most recent ) https://t.co/vQFP8rmY3M",['fintwit']
82,trendwhizo,"Global, high Sharpe ratio, Alpha extracting Long/Short Trader. #quant asset allocator #fintwit Trade at your own risk & analysis. No financial advice.",,103,3040,6163,0,"$CDNS : 3rd earnings trade win for the season with @cadence ğŸ‘‡ğŸ“ˆ

Score 3-2 

Coming up: $ADM $ARCH $GOOGL $amzn $fb $aapl $msft â€¦ 

#semiconductors #chipshortage #chips #trading #cadence https://t.co/LEEYPiOPwF","['semiconductors', 'chipshortage', 'chips', 'trading', 'cadence']"
83,Johnhester21,I am a full time blogger & crypto miner. Technical analysis & charts are the foundation to my trading. I enjoy teaching & helping others.,"New York, USA",2,12360,53,1,"Longtime student and member of the community, Dan, continues to inspire with his results! Heâ€™s been doing it for years now! Well done Dan and thanks for keeping us all motivated and inspired ğŸ™ $AMC $GME $ZOM $SOS $PLTR $TSLA $SNDL $XL $AAPL $NFLX $EEENF $NIO $LI $CCL $AMZN $FB https://t.co/3fkMEWeqfz",[]
84,RoseTho28983135,,,1,0,173,0,@f4u990 My biggest drop!! @DAiutoloLiliana @ArelhyRR @SangJiKim2 @anfauglit @alnafea81 @44k45h_ @Swazygreatness @JacoboMedina12 @JB75387696 @RizonaAT @Dads_finance @Erolbasut3 @Daniel55681226 @SketoTolulope @AAPL_Raynor @_Corbeo @CIdestrom @Kasper_1506,[]
85,xglobalmarkets,"XGLOBAL Markets is a Multi-Regulated broker, offering Forex & CFD trading on +100 trading symbols in 5 account currencies. 53.33% of retail clients lose money.",Limassol,2632,4501,38443,1,"Trending Stocks on #fintwit: 

1. $RIBT ğŸ¥‡
2. $TWTR ğŸ¥ˆ
3. $TSLA ğŸ¥‰
4. $SPX
5. $DXY
6. $QQQ
7. $AAPL
8. $SPY
9. $MSFT
10. $NTDOY

#investing #stocks #wallstreetbets","['fintwit', 'investing', 'stocks', 'wallstreetbets']"
86,Cryptodaily243,"#SafeMoon #BULL ğŸƒğŸƒ #Follow_Me Strong Hodler 100 Billion SafeMoon ğŸ”¥ğŸ’¸ğŸš€ğŸ’ğŸ’ğŸ¤‘ğŸ¤‘ğŸ¤‘
Hodl $0.005 Anything is Possible like #Dogecoin #Safemoon #Bitcoin #babydoge",World,5003,1658,5874,157,"Total Returns, last 7 years...
Bitcoin $BTC: +16,986%
NVIDIA $NVDA: +3,614%
Tesla $TSLA: +2,183%
Amazon $AMZN: +649%
Microsoft $MSFT: +631%
Apple $AAPL: +454%
Google $GOOGL: +342%
Nasdaq 100 $QQQ: +220%
Facebook $FB: +127%
Gold $GLD: +54%
Cash $BIL: +5%
Twitter $TWTR: +0%",[]
87,EmilioBurton4,Most profitable chat room . Weâ€™re operating at an 94% success history with an average profit of 25% in 4 days.. Get today winning alerts*,,64,10,1224,0,$AAPL ~Earnings reports today before the markets open......... https://t.co/SBgLO8pE8a,[]
88,adam_y23,Ed,,228,51,2703,6,"ğŸ¤‘ How Big Tech Makes Their Billions ğŸ‘‡

$AMZN $AAPL $GOOGL $MSFT https://t.co/l1FsB7222i",[]
89,Bobby_29,"Investor, Portfolio Management and Technical Analysis , Macro Investment Analysis . Marathon Runner . Views are my own, always do your own due diligence.",,801,57,1981,0,"@7LukeHallard $SE
$CRWD
$AAPL
$SHOP
$ABNB",[]
90,nothakeem_,Ah lus-Sunnah waâ€™l-Jamaaâ€™ah ğŸ•‹,South-West London,314,33,157,6,"ğŸ¤‘ How Big Tech Makes Their Billions ğŸ‘‡

$AMZN $AAPL $GOOGL $MSFT https://t.co/l1FsB7222i",[]
91,DefinitionBot,"Stock Mentions on Twitter

Trading Pro System PlusğŸ†• â†’ https://t.co/5r7K1VqGg4",,3,752,2887,0,"Count of mentions for the tickers in last 1 hr

1. $TSLA: 99 (-5)
2. $AMC: 54 (3)
3. $AAPL: 31 (-13)
4. $MSFT: 31 (-1)
5. $NIO: 20 (7)
6. $AMZN: 19 (-10)
7. $FB: 17 (-16)
8. $NVDA: 14 (-1)

Top speaker: @unusual_whales ğŸš€ $FB",[]
92,CryptoKknight,,,393,14,1231,0,"@NodeBaron most of the node projects are having some fancy tiers, boosters, mechanisms to make it LOOK interesting BUT nothing for earning anything tangible. They donâ€™t offer any reason to HODL. Why $AAPL donâ€™t have claim tax ?",[]
93,duvaro_io,"Your Trusted Trading Partner! Trade Anywhere, Anytime...",,77,345,46,0,"ğŸ“ˆ Apple Inc (NASDAQ: AAPL)â€™s 2022 first fiscal quarter results are the best the firm has recorded in half a decade. 
ğŸ“ˆ Appleâ€˜s gross margin was 43.8%, buoyed by an 11% jump in its previous quarterâ€™s revenues. 

@duvaro_io 
#stocks #stockstobuy #stockstrader #stocksmarket https://t.co/PSK63bWLy7","['stocks', 'stockstobuy', 'stockstrader', 'stocksmarket']"
94,sshaunak1,,,2746,447,6869,84,"2022 Returns...
$TWTR: +17%
$TSLA: -6%
$AAPL: -9%
$AMZN: -13%
$GOOGL: -17%
$MSFT: -18%
$NOW: -28%
$ADBE: -28%
$CRM: -32%
$NVDA: -34%
$SQ: -35%
$TEAM: -35%
$SNAP: -36%
$AMD: -37%
$MRNA: -44%
$FB: -45%
$PINS: -46%
$SNOW: -47%
$PYPL: -54%
$NFLX: -65%
$SHOP: -66%
$RIVN: -67%",[]
95,Eddi3P,Not a Financial Advisor. MGMT: @wearetheyokai. Options/Swing trading ğŸ“ˆ â™‰ï¸,"Orlando, FL",553,239,10455,1,"This week, &gt; 25% of $SPY total weight will report earnings, nearly 50% for $QQQ. Big week for the markets. 
$GOOG $MSFT $FB $AMZN $AAPL",[]
96,Johnhester21,I am a full time blogger & crypto miner. Technical analysis & charts are the foundation to my trading. I enjoy teaching & helping others.,"New York, USA",2,12360,53,1,â€œThe voicesâ€ are a very real thing for us traders! ğŸ˜‚ğŸ¤·ğŸ¼â€â™‚ï¸ğŸ¤¦â€â™‚ï¸ğŸ¤¡ $TSLA $ZOM $AMC $GME $SNDL $NAKD $AAPL $CCIV $PLTR $SOS $NIO $NNDM $NLST https://t.co/cWILDbhvOd,[]
97,stock_invest_,"Stocks to hold from my own perspective.
Time pays off!",,59,8,71,27,"My top 10 positions by market value:

1. $HD ğŸ”¨
2. $MSFT â˜ï¸
3. $V ğŸ’³
4. $AAPL ğŸ
5. $CAT ğŸ›
6. $SBUX â˜•ï¸
7. $TGT ğŸ¯
8. $MCD ğŸŸ
9. $MDT ğŸ©º
10. $O ğŸª

What am I missing?

ğŸ‘‡",[]
98,stock_invest_,"Stocks to hold from my own perspective.
Time pays off!",,59,8,71,16,"Some dividend stocks in the information technology sectorğŸ’°

$TXN Texas Instruments
$CSCO Cisco 
$AAPL Apple
$IBM Int. Business Machines
$MSFT Microsoft 
$INTC Intel 
$ORCL Oracle
$QCOM Qualcomm
$MA Mastercard
$V Visa

Are you holding any of these?",[]
99,trndtrader,"CEO of https://t.co/wvxCebETri | TÊ€á´€á´…á´‡Ê€ êœ°á´Ê€ 25 Yá´‡á´€Ê€s | TA 80%-Fá´œÉ´á´…á´€á´á´‡É´á´›á´€ÊŸs 20% | Fá´Ê€á´á´‡Ê€ Má´€Ê€á´‹á´‡á´› Má´€á´‹á´‡Ê€ / Aá´„á´›Éªá´ á´‡ TÊ€á´€á´…á´‡Ê€, SÊœá´€Ê€ÉªÉ´É¢ á´Ê Exá´˜á´‡Ê€Éªá´‡É´á´„á´‡",https://discord.io/trndtrading,432,2707,66817,0,"[Scan results - #FTX - 15m]

Top 5 bullish trend on #PERP pair
1: $BAL
2: $GRT
3: $BCH
4: $LEO
5: $BTC

Top 5 bullish trend on #USD pair
1: $GBTC
2: $BITO
3: $ETHE
4: $HOOD
5: $AAPL

All #FTX results: https://t.co/ypxjbS79IW
Not buy signals","['FTX', 'PERP', 'USD', 'FTX']"
